name,lat,lon,note,nearest_locality
Triveni Sangam,25.427,81.888,"Confluence of Ganga, Yamuna and Saraswati; Kumbh Mela site",Daraganj
Allahabad Fort,25.4285,81.874,Akbar-era fort at the Sangam,Alopibagh
Bade Hanuman Mandir,25.4282,81.8805,Famous reclining Hanuman temple near the fort,Daraganj
Khusro Bagh,25.4388,81.8275,Mughal-era garden and tombs,Chowk
Chowk Clock Tower,25.4368,81.8341,Historic Ghantaghar (1913) in the old-city market,Chowk
Prayagraj Junction,25.4465,81.8275,Main railway station,Lukerganj
All Saints Cathedral,25.4498,81.842,"Patthar Girja, Civil Lines",Civil Lines
Chandrashekhar Azad Park,25.451,81.849,Formerly Alfred Park; large city park,Civil Lines
Anand Bhawan,25.4597,81.8615,"Nehru family home, now a museum",Tagore Town
University of Allahabad,25.461,81.855,One of India's oldest universities,Tagore Town
MNNIT Allahabad,25.4925,81.8634,Motilal Nehru National Institute of Technology,Teliyarganj
